,C_Id,Nconfigs,Nbases,RMSError(eV/atom)
AIMD-VₐVᵦ,1,31,1922,0.005395
AIMD-AᵦBₐ,2,20,1280,0.009633
AIMD-VₐVᵦ²(T),3,31,1891,0.005493
AIMD-Vᵦ,4,40,2520,0.006691
AIMD-Vₐ,5,42,2646,0.010423
AIMD-VₐVᵦ³(IP),6,20,1200,0.009236
AIMD-VₐVᵦ⁴(OP),7,40,2360,0.008574
AIMD-VₐVᵦ⁵,8,20,1160,0.008717
AIMD-VₐVᵦ⁶,9,20,1140,0.007677
NPT-1080K,10,20,1280,0.004975
NVT-1080K,11,8,512,0.002777
ISO-Vᵦ-Diff,12,43,2709,0.003925
ISO-Vₐ-Diff,13,43,2709,0.001769
EOS-CsCl-B₂,14,15,30,0.004531
EOS-PtS_B₁₇,15,5,20,0.002427
EOS-ZB-B₃,16,10,80,0.009385
AᵦBₐ,17,10,640,0.003118
Bₐ,18,7,448,0.002339
VₐVᵦ,19,8,496,0.001898
AB,20,2,128,7e-06
Aᵦ,21,5,320,0.004571
VₐVᵦ²(L),22,8,488,0.00456
VₐVᵦ³(IP),23,7,420,0.004157
VₐVᵦ³(OP),24,28,1680,0.002514
VₐVᵦ⁴(IP),25,7,413,0.003137
VₐVᵦ⁴(OP),26,7,413,0.002203
VₐVᵦ⁵,27,7,406,0.005227
VₐVᵦ⁶,28,7,399,0.000467
c₁₁+2c₁₂,29,32,256,0.002473
c₁₁-2c₁₂,30,38,304,0.002039
c₄₄,31,310,2480,0.000473
EOS-RS_B₁,32,60,3840,0.00175
Divac-Vᵦ-Diff,33,107,6634,0.002507
Divac-Vₐ-Diff,34,11,682,0.003739
NPT-500K,35,20,1280,0.002673
NPT-2000K,36,19,1216,0.005698
NPT-3000K,37,33,2112,0.006553
NPT-3900K,38,50,3200,0.01046
NPT-800K,39,33,2112,0.004023
Iₐ,40,14,910,0.000663
Iᵦ,41,14,910,0.003428
VᵦAᵦ,42,11,693,0.00245
VₐBₐ,43,25,1575,0.002594
Phonon_DFT,44,6,324,0.002748
X-symmetry,45,77,4928,0.00087
Vᵦ,46,43,2709,0.001519
Vₐ,47,11,693,0.000791
VₐVᵦ²(T),48,9,549,0.00337
